Title,Tv Id,Current Price,Store,Date
" LG 32LM550 32"" Τηλεόραση LED",32LM550,179,Same Price,2020-04-15
" Samsung UE32N4002 32"" Τηλεόραση LED",UE32N4002,199,Same Price,2020-04-15
" LG 43LK5100 43"" Τηλεόραση LED",43LK5100,229,Same Price,2020-04-15
" Samsung UE32T4302 32"" Τηλεόραση Smart TV",UE32T4302,229,Same Price,2020-04-15
" LG 32LM630 32"" Τηλεόραση Smart TV",32LM630,279,Same Price,2020-04-15
" LG 43UM7100 43"" Τηλεόραση Smart 4K TV",43UM7100,299,Same Price,2020-04-15
" LG 43UM7000 43"" Τηλεόραση Smart 4K TV",43UM7000,329,Same Price,2020-04-15
" Sony KDL32WE615 32"" Τηλεόραση Smart TV",KDL32WE615,329,Same Price,2020-04-15
" Samsung UE43RU7092 43"" Τηλεόραση Smart 4K TV",UE43RU7092,329,Same Price,2020-04-15
" Samsung UE32T5302 32"" Τηλεόραση Smart TV",UE32T5302,329,Same Price,2020-04-15
" LG 49UM7100 49"" Τηλεόραση Smart 4K TV",49UM7100,349,Same Price,2020-04-15
"LG LED TV 43UM7100 43"" 4Κ Ultra HD",43UM7100,299,PLAISIO,2020-04-15
" Samsung UE50RU7092 50"" Τηλεόραση Smart 4K TV",UE50RU7092,369,Same Price,2020-04-15
" Samsung UE43RU7402 43"" Τηλεόραση Smart 4K TV",UE43RU7402,399,Same Price,2020-04-15
" LG 55UM7100 55"" Τηλεόραση Smart 4K TV",55UM7100,399,Same Price,2020-04-15
" Samsung UE55RU7092 55"" Τηλεόραση Smart 4K TV",UE55RU7092,399,Same Price,2020-04-15
" Samsung UE43TU8072 43"" Τηλεόραση Smart 4K TV",UE43TU8072,399,Same Price,2020-04-15
"LG LED TV 49UM7100 49"" 4Κ Ultra HD",49UM7100,349,PLAISIO,2020-04-15
" LG 49UM7000 49"" Τηλεόραση Smart 4K TV",49UM7000,429,Same Price,2020-04-15
" LG 43UM7450 43"" Τηλεόραση Smart 4K TV",43UM7450,429,Same Price,2020-04-15
" LG 55UM7450 55"" Τηλεόραση Smart 4K TV",55UM7450,439,Same Price,2020-04-15
" Samsung UE50RU7402 50"" Τηλεόραση Smart 4K TV",UE50RU7402,449,Same Price,2020-04-15
" LG 50UM7450 50"" Τηλεόραση Smart 4K TV",50UM7450,469,Same Price,2020-04-15
" Sony KDL50WF665 50"" Τηλεόραση Smart TV",KDL50WF665,499,Same Price,2020-04-15
" Samsung UE50TU8072 50"" Τηλεόραση Smart 4K TV",UE50TU8072,499,Same Price,2020-04-15
" Samsung UE55TU8072 55"" Τηλεόραση Smart 4K TV",UE55TU8072,599,Same Price,2020-04-15
" Samsung UE55TU8072 55"" Τηλεόραση Smart 4K TV",UE55TU8072,599,Same Price,2020-04-15
" LG 60UM7100 60"" Τηλεόραση Smart 4K TV",60UM7100,649,Same Price,2020-04-15
" Sony KD49XG7096 49"" Τηλεόραση Smart 4K TV",KD49XG7096,649,Same Price,2020-04-15
" Samsung UE43TU8502 43"" Τηλεόραση Smart 4K TV",UE43TU8502,679,Same Price,2020-04-15
" Sony KD55XG7096 55"" Τηλεόραση Smart 4K TV",KD55XG7096,699,Same Price,2020-04-15
" Samsung UE65RU7402 65"" Τηλεόραση Smart 4K TV",UE65RU7402,699,Same Price,2020-04-15
" LG 55SM8200 55"" Τηλεόραση Smart 4K TV",55SM8200,699,Same Price,2020-04-15
" LG 65UM7450 65"" Τηλεόραση Smart 4K TV",65UM7450,749,Same Price,2020-04-15
" Sony KD55XF9005 55"" Τηλεόραση Smart 4K TV",KD55XF9005,749,Same Price,2020-04-15
" LG 65SM8200 65"" Τηλεόραση Smart 4K TV",65SM8200,749,Same Price,2020-04-15
" Samsung UE55TU8502 55"" Τηλεόραση Smart 4K TV",UE55TU8502,799,KOTSOVOLOS,2020-04-15
" Samsung UE65TU8072 65"" Τηλεόραση Smart 4K TV",UE65TU8072,799,Same Price,2020-04-15
" Samsung UE50TU8502 50"" Τηλεόραση Smart 4K TV",UE50TU8502,829,Same Price,2020-04-15
" Sony KD49XG9005 49"" Τηλεόραση Smart 4K TV",KD49XG9005,949,Same Price,2020-04-15
" Sony KD65XG7096 65"" Τηλεόραση Smart 4K TV",KD65XG7096,999,Same Price,2020-04-15
" Sony KD65XG7096 65"" Τηλεόραση Smart 4K TV",KD65XG7096,999,Same Price,2020-04-15
" Samsung UE65RU8002 65"" Τηλεόραση Smart 4K TV",UE65RU8002,999,Same Price,2020-04-15
" LG 70UM7100 70"" Τηλεόραση Smart 4K TV",70UM7100,999,Same Price,2020-04-15
" Samsung UE65TU8502 65"" Τηλεόραση Smart 4K TV",UE65TU8502,999,KOTSOVOLOS,2020-04-15
" Sony KD55XG9505 55"" Τηλεόραση Smart 4K TV",KD55XG9505,1099,Same Price,2020-04-15
" LG 70UM7450 70"" Τηλεόραση Smart 4K TV",70UM7450,1149,Same Price,2020-04-15
" Sony KD65XF9005 65"" Τηλεόραση Smart 4K TV",KD65XF9005,1199,Same Price,2020-04-15
" Sony KD75XG8096 75"" Τηλεόραση Smart 4K TV",KD75XG8096,1199,Same Price,2020-04-15
" Sony KD65XG9505 65"" Τηλεόραση Smart 4K TV",KD65XG9505,1299,Same Price,2020-04-15
" LG 75UM7110 75"" Τηλεόραση Smart 4K TV",75UM7110,1299,Same Price,2020-04-15
" LG 55SM9800 55"" Τηλεόραση Smart 4K TV",55SM9800,1349,Same Price,2020-04-15
" Sony KD55AG8 55"" OLED Τηλεόραση Smart 4K TV",KD55AG8,1399,Same Price,2020-04-15
